<?xml version="1.0" encoding="UTF-8"?>
<project-private xmlns="http://www.netbeans.org/ns/project-private/1">
    <data xmlns="http://www.netbeans.org/ns/make-project-private/1">
        <activeConfTypeElem>1</activeConfTypeElem>
        <activeConfIndexElem>0</activeConfIndexElem>
    </data>
    <editor-bookmarks xmlns="http://www.netbeans.org/ns/editor-bookmarks/2" lastBookmarkId="0"/>
    <open-files xmlns="http://www.netbeans.org/ns/projectui-open-files/2">
        <group>
            <file>file:/C:/Users/Victor%20Alcaraz/Desktop/CIS17B_Rogue_Game_write/Game/Map/Map_V4/Cols.cpp</file>
            <file>file:/C:/Users/Victor%20Alcaraz/Desktop/CIS17B_Rogue_Game_write/Game/Map/Map_V4/main.cpp</file>
            <file>file:/C:/Users/Victor%20Alcaraz/Desktop/CIS17B_Rogue_Game_write/Game/Map/Map_V4/Cols.h</file>
            <file>file:/C:/Users/Victor%20Alcaraz/Desktop/CIS17B_Rogue_Game_write/Game/Map/Map_V4/Map.cpp</file>
            <file>file:/C:/Users/Victor%20Alcaraz/Desktop/CIS17B_Rogue_Game_write/Game/Map/Map_V4/Room.h</file>
            <file>file:/C:/Users/Victor%20Alcaraz/Desktop/CIS17B_Rogue_Game_write/Game/Map/Map_V4/Row.h</file>
            <file>file:/C:/Users/Victor%20Alcaraz/Desktop/CIS17B_Rogue_Game_write/Game/Map/Map_V4/Row.cpp</file>
            <file>file:/C:/Users/Victor%20Alcaraz/Desktop/CIS17B_Rogue_Game_write/Game/Map/Map_V4/Room.cpp</file>
            <file>file:/C:/Users/Victor%20Alcaraz/Desktop/CIS17B_Rogue_Game_write/Game/Map/Map_V4/Map.h</file>
        </group>
    </open-files>
</project-private>
